,Model,Accuracy,Precision,Recall,F1
0,Decision Tree,0.9343877424935128,0.9416959130533228,0.9382966723068246,0.939993219572833
1,Tuned Decision Tree,0.938464706790918,0.9516190351873696,0.9351294767702648,0.9432945786256696
2,Tuned Random Forest,0.9429136290621524,0.950988187187642,0.9444444444444444,0.947705020091686
3,Tuned XGBoost,0.956536513035957,0.9687553845270231,0.9513254371122392,0.959961298767821
